Keyword,Global Monthly Searches,Estimated Avg. CPC (£),Estimated Ad Position,Estimated Daily Clicks,Estimated Daily Cost (£),Local Monthly Searches
secure online back up,2400,0.00,0,0,0.00,260
agile management software,2900,3.48,1,1.3,4.52,320
crm for financial,4400,0.00,0,0,0.00,390
disaster recovery planning for it,40500,0.00,0,0,0.00,3600
tracking a vehicle,135000,0.00,0,0,0.00,22200
applications in the cloud,49500,0.00,0,0,0.00,4400
project management with scrum,8100,0.00,0,0,0.00,880
servers for businesses,4400,0.00,0,0,0.00,590
android application developers,9900,0.56,1,1.28,0.72,1000
android app developers,6600,1.51,1,10.34,15.58,880
training for indesign,14800,0.00,0,0,0.00,2400
teach yourself web development,91,0.00,0,0,0.00,12
web applications developers,2900,0.00,0,0,0.00,210
android application developer,49500,1.27,1,20.28,25.68,2900
android app developer,12100,5.26,1,23.92,125.88,1300
app developer android,12100,0.49,1,1.1,0.54,1300
android developer app,12100,10.86,1,1.24,13.43,1300
mobile applications developers,8100,0.24,1,1.03,0.25,1000
design for programmers,40500,0.00,0,0,0.00,4400
cloud computing for dummies,8100,7.52,1,3.53,26.51,1300
android application development uk,210,0.00,0,0,0.00,170
web design and marketing solutions for business websites,91,0.00,0,0,0.00,12
developers mobile applications,8100,0.00,0,0,0.00,1000
training indesign,14800,0.00,0,0,0.00,2400
apps development,246000,2.55,1,13.74,35.09,27100
computing for dummies,9900,0.00,0,0,0.00,1600
bpp learning management system,140,0.00,0,0,0.00,110
mobile apps developers,1900,0.00,0,0,0.00,260
joomla designers,8100,0.52,1,4.11,2.13,880
best pay as you go sim card,720,0.00,0,0,0.00,590
locks and locksmithing,14800,0.00,0,0,0.00,1900
development of mobile,201000,0.00,0,0,0.00,18100
android app development software,1300,0.00,0,0,0.00,140
best pay as you go sims,480,0.00,0,0,0.00,390
cheap pay as you go sim,1900,0.00,0,0,0.00,1600
app development for android,49500,1.20,1,3.9,4.69,5400
best pay as you go sim,5400,2.47,1,2.41,5.96,4400
android development app,49500,0.00,0,0,0.00,5400
android apps development,40500,0.60,1,7.39,4.41,4400
android development apps,40500,0.00,0,0,0.00,4400
team building companies uk,58,0.00,0,0,0.00,46
mobile design and development,8100,0.00,0,0,0.00,880
pay as you go sim card only,170,0.00,0,0,0.00,170
training for mcse,18100,0.00,0,0,0.00,2400
ink 8560,3600,0.00,0,0,0.00,880
sim card only pay as you go,170,0.00,0,0,0.00,170
micro stock photo sites,58,0.00,0,0,0.00,0
pay as you go sim offers,5400,0.00,0,0,0.00,5400
sim card deals pay as you go,720,0.00,0,0,0.00,720
cheap mobile sim card,480,0.00,0,0,0.00,210
itil v3 foundations certification,5400,0.00,0,0,0.00,260
make money with stock photography,720,0.00,0,0,0.00,91
uk stock photography,1300,0.00,0,0,0.00,880
options for investment,49500,0.00,0,0,0.00,2400
android developer apps,6600,0.77,1,1.24,0.96,480
make money stock photography,720,0.00,0,0,0.00,91
photographers stock,3600,0.00,0,0,0.00,480
cards games for kids,8100,0.00,0,0,0.00,2400
contracts in a nutshell,260,0.00,0,0,0.00,46
google android application development,1600,2.50,1,1.29,3.23,110
deal or no deal interactive,720,0.00,0,0,0.00,170
stock photographers,3600,3.32,1,5.71,18.98,480
computing for idiots,170,0.00,0,0,0.00,73
make money stock photos,880,0.00,0,0,0.00,140
google android apps development,390,0.00,0,0,0.00,36
mobile sim card uk,1000,1.34,1,0.88,1.18,480
sim card for uk,18100,0.00,0,0,0.00,8100
play no deal or deal,27100,0.00,0,0,0.00,9900
realtime tracking device,1600,0.00,0,0,0.00,73
small company websites,2400,0.00,0,0,0.00,170
team building activities uk,260,1.17,1,1.11,1.30,210
pay as you go sim uk,2400,12.54,1,1.13,14.14,1600
the glaze book,1300,0.00,0,0,0.00,260
training in sql,74000,0.00,0,0,0.00,8100
android application development tools,2900,0.00,0,0,0.00,260
uk mobile sim card,1000,0.00,0,0,0.00,480
buy uk sim card,880,0.00,0,0,0.00,320
c5650 toner,1900,0.43,1,0.78,0.33,390
database driven web page,2400,0.00,0,0,0.00,390
cost of sim card,12100,0.84,1,1.15,0.97,1000
database driven web,5400,0.00,0,0,0.00,720
microsoft access 2010 training,1000,0.00,0,0,0.00,110
3g broadband router,6600,0.00,0,0,0.00,590
sim card in uk,18100,0.00,0,0,0.00,8100
cheap ink cartridges brother,590,0.00,0,0,0.00,210
google android app development,590,0.00,0,0,0.00,73
stock photography books,480,0.00,0,0,0.00,36
google android app developer,390,0.00,0,0,0.00,46
pre pay sim,4400,0.00,0,0,0.00,720
pre pay sim card,2400,6.03,1,4.33,26.09,260
international mobile broadband pay as you go,36,0.00,0,0,0.00,28
learning sql server 2008,1900,0.00,0,0,0.00,91
cheap ink for brother printer,390,0.00,0,0,0.00,91
buy pay as you go sim card,390,0.00,0,0,0.00,210
pay as you go sim card,22200,4.43,1,19.93,88.22,14800
pay as go sim,74000,20.40,1,7.37,150.37,74000
solar power and home,90500,0.00,0,0,0.00,12100
developing mobile application,8100,0.00,0,0,0.00,590
sim card pay,27100,0.81,1,0.56,0.45,18100
solar for your home,27100,0.00,0,0,0.00,6600
notebook laptops,11100000,2.71,1,12.09,32.72,673000
notebooks and laptops,9140000,0.00,0,0,0.00,823000
notebooks & laptops,9140000,0.00,0,0,0.00,823000
notebooks and laptop,7480000,0.00,0,0,0.00,1000000
mobile phones mobile phone,7480000,0.00,0,0,0.00,1500000
laptop or notebook,7480000,0.00,0,0,0.00,673000
laptop and notebook,7480000,0.00,0,0,0.00,673000
is a notebook a laptop,7480000,0.00,0,0,0.00,673000
tv or lcd,5000000,0.00,0,0,0.00,450000
dress prom dress,3350000,0.00,0,0,0.00,673000
digital cameras digital cameras,3350000,0.68,1,2.23,1.51,450000
dress prom dresses,3350000,0.00,0,0,0.00,550000
digital camera digital cameras,3350000,0.00,0,0,0.00,450000
and the wardrobe,2740000,0.00,0,0,0.00,1000000
dual sim dual,3350000,0.00,0,0,0.00,74000
canon powershot,2240000,0.38,1,95.31,36.08,135000
canon canon powershot,2240000,0.27,1,1.18,0.32,135000
of the vanities,2240000,0.00,0,0,0.00,165000
lumix by panasonic,1830000,0.00,0,0,0.00,246000
camera with camcorder,1500000,0.00,0,0,0.00,201000
best phones,1830000,1.27,1,67.4,85.91,301000
kinect for xbox,1220000,0.32,1,0.5,0.16,135000
canon canon camera,1830000,0.00,0,0,0.00,165000
g shock g,1830000,0.00,0,0,0.00,135000
canon pixma,1830000,0.58,1,95.46,55.64,135000
panasonic dmc,1500000,0.43,1,33.86,14.65,135000
tv 32 in,1500000,0.00,0,0,0.00,201000
coolpix nikon,1830000,0.20,1,0.63,0.13,135000
nikon coolpix,1830000,0.24,1,17.11,4.13,135000
lumix dmc,1500000,0.66,1,1.27,0.84,110000
ixus i,1500000,0.00,0,0,0.00,110000
ink for cartridges,1220000,3.49,1,3.36,11.73,368000
ink cartridges for,1220000,0.00,0,0,0.00,368000
ink cartridges,1220000,2.80,1,491.61,1,376.02,368000
hidden object,1500000,0.57,1,97.55,55.16,135000
cartridge and ink,1220000,0.00,0,0,0.00,368000
ink for cartridge,1220000,0.98,1,0.98,0.96,368000
ink & cartridge,1220000,0.00,0,0,0.00,368000
dr martens,1500000,0.40,1,517.14,208.40,246000
camcorders with camera,1220000,0.19,1,1.18,0.22,201000
camera and camcorders,1220000,0.00,0,0,0.00,201000
ink for print,1220000,0.00,0,0,0.00,301000
and mens clothing,1220000,0.00,0,0,0.00,368000
samsung phones,1220000,2.19,1,186.28,407.90,135000
fujifilm finepix,1220000,0.00,0,0,0.00,165000
finepix fujifilm,1220000,0.00,0,0,0.00,165000
canon with lens,1220000,0.00,0,0,0.00,165000
canon lens lens,1220000,0.00,0,0,0.00,165000
hdmi cable hdmi,1220000,0.00,0,0,0.00,165000
a movie camera,1220000,0.00,0,0,0.00,90500
the movie camera,1220000,0.00,0,0,0.00,90500
toner and cartridges,1000000,0.00,0,0,0.00,301000
razors shavers,1220000,0.00,0,0,0.00,165000
the canon 5d,1220000,0.00,0,0,0.00,90500
shavers razors,1220000,0.00,0,0,0.00,165000
canon 5d,1220000,0.31,1,138.32,42.62,90500
dmc panasonic lumix,1000000,0.00,0,0,0.00,90500
the nikon d90,1000000,0.00,0,0,0.00,49500
clothing for cheap,1000000,0.00,0,0,0.00,301000
i station docking station,1000000,0.57,1,1.23,0.70,201000
pc notebook,1000000,1.87,1,13.51,25.31,60500
a wrinkle in,1000000,0.00,0,0,0.00,110000
ink cartridges toner cartridges,1000000,0.00,0,0,0.00,301000
canon is cameras,1220000,0.00,0,0,0.00,110000
canon cameras,1220000,0.24,1,66.42,15.62,110000
photos stock,823000,0.00,0,0,0.00,74000
nikon camera,1000000,0.38,1,84.37,31.67,90500
phones and prices,1000000,0.14,1,0.57,0.08,33100
dvd to dvd recorder,823000,0.00,0,0,0.00,135000
toner print cartridge,823000,0.00,0,0,0.00,246000
hdmi to hdmi cables,1000000,0.35,1,9.81,3.44,110000
blu ray players,823000,0.34,1,98.58,33.17,110000
bluray players,823000,0.18,1,2.54,0.45,110000
lcd and hd,673000,0.00,0,0,0.00,90500
watch mens watch,823000,0.00,0,0,0.00,165000
hard disk drives external,823000,0.00,0,0,0.00,135000
cannon and camera,823000,0.00,0,0,0.00,60500
used it books,823000,0.00,0,0,0.00,74000
tv samsung led,-,0.00,0,0,0.00,-
led tv by samsung,1000000,0.00,0,0,0.00,90500
printer ink for,823000,3.82,1,3.37,12.89,165000
printer with ink,823000,0.00,0,0,0.00,165000
printer and ink,823000,0.00,0,0,0.00,165000
dresses for kids,823000,0.88,1,77.62,68.10,201000
notebook samsung,1000000,0.00,0,0,0.00,74000
powershot sx,673000,0.00,0,0,0.00,40500
wedding shoes shoes,823000,0.16,1,0.95,0.15,246000
the best laptops,823000,0.00,0,0,0.00,110000
shoes wedding,823000,0.83,1,38.8,32.03,246000
dresses maxi,823000,0.60,1,40.62,24.19,368000
laptop battery for,823000,0.00,0,0,0.00,110000
detector metal metal detector,823000,0.00,0,0,0.00,90500
phone pay as,823000,13.45,1,0.99,13.27,246000
watches for mens,673000,1.28,1,0.92,1.18,135000
kinect on xbox 360,673000,0.00,0,0,0.00,49500
kinect for xbox 360,673000,0.26,1,4.96,1.30,49500
security and camera,673000,0.00,0,0,0.00,49500
camera for security,673000,0.00,0,0,0.00,49500
lcd monitors,673000,0.52,1,4.81,2.49,40500
duvet and duvet covers,673000,0.00,0,0,0.00,246000
jon bon jovi dead,40500,0.00,0,0,0.00,2900
kardashian christmas card,27100,0.00,0,0,0.00,720
49ers,1830000,0.00,0,0,0.00,301000
steelers,2240000,0.00,0,0,0.00,40500
dark knight rises trailer,301000,0.00,0,0,0.00,27100
san francisco 49ers,301000,0.00,0,0,0.00,5400
ben roethlisberger,201000,0.00,0,0,0.00,3600
pittsburgh steelers,550000,0.00,0,0,0.00,8100
snooki,1500000,0.00,0,0,0.00,74000
clippers,2240000,1.61,1,51.91,83.50,301000
49ers news,27100,0.00,0,0,0.00,210
lakers,2740000,0.00,0,0,0.00,49500
james harrison,110000,0.00,0,0,0.00,5400
martial law,165000,0.00,0,0,0.00,12100
antonio brown,33100,0.00,0,0,0.00,590
gpa calculator,550000,0.00,0,0,0.00,4400
johnny knox,40500,0.00,0,0,0.00,880
yu darvish,74000,0.00,0,0,0.00,480
kobe bryant,1500000,0.00,0,0,0.00,27100
lil kim,673000,0.50,1,0.93,0.47,49500
justin bieber,37200000,0.51,1,9.93,5.10,2240000
shakira,16600000,0.00,0,0,0.00,246000
eminem,13600000,0.00,0,0,0.00,1000000
netflix,30400000,4.92,1,8166.51,40,207.43,246000
youtube videos,30400000,0.51,1,43.65,22.10,673000
lady gaga,24900000,2.51,1,1.03,2.58,1500000
kesha,4090000,0.00,0,0,0.00,165000
nicki minaj,9140000,0.00,0,0,0.00,1000000
grooveshark,9140000,0.00,0,0,0.00,1000000
transformers 3,7480000,0.51,1,1.33,0.67,301000
mundial 2010,-,0.00,0,0,0.00,-
olympics,7480000,0.51,1,109.2,55.41,2240000
espn3,1500000,0.00,0,0,0.00,5400
fifa 11,6120000,0.55,1,21.17,11.73,823000
randy moss,165000,0.00,0,0,0.00,2400
miami heat,1220000,0.50,1,3.73,1.88,22200
mourinho,1220000,0.52,1,0.63,0.33,74000
wayne rooney,673000,0.51,1,58.75,29.95,246000
cricket live score,3350000,0.51,1,2.61,1.32,74000
david villa,550000,0.00,0,0,0.00,33100
ipad,55600000,0.71,1,1512.08,1,077.75,4090000
iphone 4,37200000,2.13,1,1490.93,3,177.13,2740000
nokia 5530,1830000,0.00,0,0,0.00,12100
htc evo 4g,450000,0.46,1,4.68,2.16,5400
nokia n900,673000,0.25,1,9.77,2.45,27100
blackberry apps,1220000,0.50,1,0.63,0.32,201000
duracell mygrid,12100,0.41,1,1.3,0.54,1600
트위터,-,0.00,0,0,0.00,-
otterbox,1220000,0.49,1,34.97,17.25,40500
pdanet,450000,0.00,0,0,0.00,8100
masterchef,2740000,0.26,1,1.2,0.31,301000
食べログ,-,0.00,0,0,0.00,-
cupcakes,9140000,0.29,1,390.55,114.24,1000000
jimmy johns,1500000,0.00,0,0,0.00,2900
как жрать суши,-,0.00,0,0,0.00,-
dominos pizza menu,165000,0.36,1,84.8,30.45,33100
tudo gostoso receitas,-,0.00,0,0,0.00,-
guacamole recipe,165000,0.00,0,0,0.00,12100
applebees menu,201000,0.00,0,0,0.00,720
rachel ray,1220000,0.00,0,0,0.00,12100
anhembi parque,-,0.00,0,0,0.00,-
wm gucken,-,0.00,0,0,0.00,-
world cup,16600000,0.50,1,3.71,1.87,1830000
bundeskanzleramt,-,0.00,0,0,0.00,-
rio branco,-,0.00,0,0,0.00,-
mt everest,450000,0.50,1,1.49,0.75,60500
kew gardens,201000,0.55,1,18.94,10.41,110000
tour eiffel,823000,0.00,0,0,0.00,18100
oxford street,673000,0.00,0,0,0.00,450000
nürburgring,-,0.00,0,0,0.00,-
katy perry,13600000,2.51,1,10.94,27.43,1000000
selena gomez,20400000,0.00,0,0,0.00,823000
kim kardashian,13600000,0.50,1,0.59,0.29,1000000
miley cyrus,11100000,0.00,0,0,0.00,450000
taylor lautner,2240000,0.00,0,0,0.00,135000
megan fox,6120000,0.51,1,0.6,0.30,368000
robert pattinson,4090000,0.51,1,1.82,0.92,301000
haiti,4090000,0.65,1,15.68,10.21,165000
besiktas,3350000,0.00,0,0,0.00,33100
chile,45500000,0.51,1,1.11,0.56,1000000
earthquake,13600000,0.83,1,34.12,28.43,1220000
jörg kachelmann,-,0.00,0,0,0.00,-
menowin fröhlich,-,0.00,0,0,0.00,-
mobile technology,201000,0.69,1,1.67,1.16,14800
oil spill,673000,0.65,1,6.29,4.08,60500
vancouver 2010,135000,0.00,0,0,0.00,5400
apprendimento automatico,-,0.00,0,0,0.00,-
ресторан нью-йорк,-,0.00,0,0,0.00,-
машинное обучение,-,0.00,0,0,0.00,-
beijing apartments,14800,1.33,1,2.91,3.86,1300
comercio electrónico,-,0.00,0,0,0.00,-
st. petersburg restaurants,27100,0.00,0,0,0.00,1000
منتزه يلوستون الوطني,-,0.00,0,0,0.00,-
energia solare,-,0.00,0,0,0.00,-
dubai tours,60500,0.94,1,4.96,4.66,6600
hcg diet,1000000,0.72,1,2.05,1.48,14800
dr oz,2240000,0.00,0,0,0.00,8100
aspergers,1830000,0.70,1,32.66,22.94,201000
mcdonalds nutrition,368000,0.57,1,80.69,45.98,12100
vitamin d deficiency,301000,0.67,1,45.04,30.04,33100
appendicitis symptoms,135000,0.50,1,10.32,5.21,18100
cholera,673000,0.55,1,1.79,0.98,49500
nfp,673000,0.00,0,0,0.00,8100
vacina h1n1,9900,0.00,0,0,0.00,-
whooping cough,301000,0.60,1,10.83,6.51,18100
donate to haiti,5400,0.83,1,1.84,1.53,480
donate to pakistan,1000,1.34,1,0.95,1.28,170
text to donate,9900,0.00,0,0,0.00,2400
doctors without borders,201000,0.19,1,5.33,1.02,9900
download to donate,12100,0.00,0,0,0.00,260
red cross canada,33100,0.00,0,0,0.00,480
blood donation restrictions,4400,0.00,0,0,0.00,320
donate blood australia,880,0.00,0,0,0.00,22
donate now button,1000,0.00,0,0,0.00,73
csl plasma,49500,0.00,0,0,0.00,170
swine flu,246000,0.56,1,21.91,12.17,74000
wamu,246000,0.00,0,0,0.00,3600
new moon,1220000,0.84,1,3.95,3.33,90500
mininova,823000,0.00,0,0,0.00,60500
susan boyle,673000,0.00,0,0,0.00,90500
slumdog millionaire,450000,0.00,0,0,0.00,27100
circuit city,368000,0.00,0,0,0.00,4400
myspace layouts,201000,0.00,0,0,0.00,8100
michael jackson,13600000,0.52,1,60.99,31.58,823000
national city bank,165000,0.00,0,0,0.00,2400
chatroulette,20400000,0.28,1,108.48,30.16,1220000
friv,68000000,0.20,1,3.55,0.72,4090000
myxer,550000,0.00,0,0,0.00,2400
twitter,151000000,2.52,1,9.7,24.46,13600000
gamezer,16600000,0.00,0,0,0.00,40500
facebook,3760000000,5.00,1,2228.02,11,150.30,185000000
insurance,55600000,5.91,1,2799.3,16,551.94,13600000
loans,20400000,5.94,1,4749.59,28,210.96,3350000
mortgage,16600000,2.73,1,4483.58,12,227.72,2740000
attorney,16600000,0.00,0,0,0.00,450000
credit,101000000,15.02,1,1617.9,24,299.12,6120000
lawyer,13600000,1.25,1,101.92,126.99,1830000
donate,2740000,0.90,1,74.99,67.39,201000
degree,16600000,2.56,1,60.87,155.75,1500000
hosting,11100000,4.95,1,886.41,4,389.55,823000
claim,7480000,2.84,1,1258.32,3,569.24,1500000
conference call,450000,2.26,1,84.9,191.62,33100
trading,20400000,1.14,1.02,68.61,77.97,1830000
software,151000000,3.05,1,114.26,348.31,7480000
recovery,20400000,2.50,1,21.23,53.17,1830000
transfer,45500000,0.51,1,3.27,1.66,5000000
gas electricity,368000,10.13,1,167.15,1,693.42,135000
classes,68000000,0.00,0,0,0.00,11100000
rehab,6120000,1.44,1,131.31,189.51,301000
treatment,37200000,0.83,1,12.42,10.27,4090000
cord blood,135000,2.43,1,15.84,38.55,5400
domains yahoo,27100,0.00,0,0,0.00,1000
domain name yahoo,6600,11.50,1,77.3,889.23,390
dc hair laser removal washington,880,0.00,0,0,0.00,36
law lemon wisconsin,1600,0.00,0,0,0.00,28
hair removal washington dc,1300,0.00,0,0,0.00,58
domain registration yahoo,4400,0.00,0,0,0.00,170
benchmark lending,4400,0.00,0,0,0.00,170
domain yahoo,60500,1.10,1,1.12,1.23,1900
yahoo web hosting,33100,0.00,0,0,0.00,1000
hair laser removal virginia,3600,0.00,0,0,0.00,58
peritoneal mesothelioma,5400,0.00,0,0,0.00,480
ca lemon law,8100,0.00,0,0,0.00,73
best buy gift card,49500,0.00,0,0,0.00,260
adverse credit remortgage,1000,0.00,0,0,0.00,210
mesothelioma information,2400,0.00,0,0,0.00,210
law lemon ohio,2900,0.00,0,0,0.00,28
att call conference,5400,0.00,0,0,0.00,210
insurance medical temporary,1900,0.00,0,0,0.00,140
illinois law lemon,2400,0.00,0,0,0.00,36
mesothelioma symptoms,9900,5.84,1,21.82,127.41,880
angeles drug los rehab,1900,0.00,0,0,0.00,28
personal injury solicitor,90500,11.08,1,22.83,253.05,18100
att go,301000,0.00,0,0,0.00,2400
accident car florida lawyer,2900,0.00,0,0,0.00,58
google affiliate,49500,0.00,0,0,0.00,2400
at t wireless,673000,0.00,0,0,0.00,74000
home equity loan,165000,1.68,1,13.19,22.21,4400
mcsa boot camp,320,0.00,0,0,0.00,28
anti spam appliance,1600,0.00,0,0,0.00,91
adverse remortgage,1300,0.00,0,0,0.00,320
chicago hair laser removal,2900,0.00,0,0,0.00,36
att conference,18100,0.00,0,0,0.00,590
at and t,277000000,0.00,0,0,0.00,20400000
laser hair removal maryland,1900,0.00,0,0,0.00,36
mesothelioma,246000,3.75,1,99.5,372.71,27100
buy gift card,201000,0.59,1,3.39,2.00,8100
mesotheloma,590,0.00,0,0,0.00,58
student loan consolidation program,1000,0.00,0,0,0.00,28
california law lemon,9900,0.00,0,0,0.00,91
event management security,8100,0.00,0,0,0.00,480
canada personals yahoo,590,0.00,0,0,0.00,22
orlando criminal attorney,3600,0.00,0,0,0.00,36
uk homeowner loans,590,0.00,0,0,0.00,260
vioxx lawsuit,2400,0.00,0,0,0.00,140
compare life assurance,22200,21.84,1,7.31,159.61,6600
criminal defense federal lawyer,2400,0.00,0,0,0.00,91
american singles,49500,0.00,0,0,0.00,5400
federal criminal defense attorney,2400,0.00,0,0,0.00,91
laser hair removal manhattan,1000,0.00,0,0,0.00,28
att prepaid wireless,6600,0.00,0,0,0.00,36
fortis health insurance temporary,140,0.00,0,0,0.00,0
miami personal injury lawyer,6600,0.00,0,0,0.00,140
hair removal chicago,4400,0.00,0,0,0.00,73
at and t cell phones,90500,0.00,0,0,0.00,8100
refinance with bad credit,27100,4.64,1,1.92,8.91,1000
malignant mesothelioma,6600,0.00,0,0,0.00,720
lease management software,1600,0.00,0,0,0.00,140
primary pulmonary hypertension,5400,0.00,0,0,0.00,480
miami personal injury attorney,5400,0.00,0,0,0.00,140
anti spam lotus notes,390,0.00,0,0,0.00,22
life insurance quotes,165000,30.00,1,97.42,2,923.01,22200
egg credit,12100,5.82,1,3.23,18.77,12100
anti spam exchange server,1000,0.00,0,0,0.00,73
lemon law,135000,0.00,0,0,0.00,2900
google adsense,1220000,0.00,0,0,0.00,74000
best consolidation loan student,1900,0.00,0,0,0.00,36
refinance with poor credit,4400,0.00,0,0,0.00,170
employee leasing,14800,0.00,0,0,0.00,480
student loan consolidation center,320,0.00,0,0,0.00,12
buyer mortgage note,1600,0.00,0,0,0.00,91
federal student loan consolidation,9900,0.00,0,0,0.00,91
symptoms of mesothelioma,9900,0.00,0,0,0.00,880
city hair laser new removal york,1300,0.00,0,0,0.00,46
att wireless com,4400,0.00,0,0,0.00,22
san diego dui lawyer,5400,0.00,0,0,0.00,320
indiana law lemon,1600,0.00,0,0,0.00,22
law lemon michigan,2400,0.00,0,0,0.00,16
angeles criminal defense los,8100,0.00,0,0,0.00,140
refinancing with poor credit,3600,0.00,0,0,0.00,170
action class lawsuit vioxx,590,0.00,0,0,0.00,46
term life assurance,165000,3.61,1,2.55,9.20,9900
e loan,90500,0.53,1,1.03,0.55,8100
celebrex lawyer,1600,0.00,0,0,0.00,46
vasectomy reversal,49500,2.58,1,42.4,109.28,8100
mortgage rates refinancing,22200,0.00,0,0,0.00,390
attorney law lemon,5400,0.00,0,0,0.00,58
consolidate student loans,49500,0.00,0,0,0.00,590
home equity loans,135000,2.39,1,26.08,62.32,6600
mesothilioma,720,0.00,0,0,0.00,73
new york personal injury lawyer,18100,0.00,0,0,0.00,320
home equity loan rates,22200,1.29,1,5.16,6.66,390
auto insurance quotes,201000,38.19,1,863.91,32,990.84,5400
georgia law lemon,2400,0.00,0,0,0.00,22
homeowner loans,14800,8.19,1,10.01,81.92,9900
equity loan rates,22200,1.11,1,0.88,0.98,480
administration lease software,590,0.00,0,0,0.00,58
egg credit card,12100,0.00,0,0,0.00,9900
student consolidation loans,135000,0.00,0,0,0.00,1900
microsoft anti spam,2400,0.00,0,0,0.00,170
mesothelioma prognosis,3600,9.94,1,1.4,13.93,390
second mortgages,49500,0.39,1,1.26,0.49,5400
auto century insurance,9900,0.00,0,0,0.00,58
employee florida leasing,1000,0.00,0,0,0.00,22
federal consolidation loan,22200,0.00,0,0,0.00,210
equity loan,201000,1.26,1,47.71,59.90,9900
personal injury attorney colorado,4400,0.00,0,0,0.00,91
accident lawyer michigan,2900,0.00,0,0,0.00,110
refinancing with bad credit,22200,0.00,0,0,0.00,880
home equity line of credit rates,9900,0.00,0,0,0.00,210
federal consolidation,27100,0.00,0,0,0.00,260
non profit debt consolidation,8100,0.00,0,0,0.00,260
pay per click affiliate,8100,0.00,0,0,0.00,720
city hair new removal york,1900,0.00,0,0,0.00,73
acid reflux disease diet,1300,0.00,0,0,0.00,91
refinance poor credit,4400,0.00,0,0,0.00,170
equity loans,165000,0.38,1,5.58,2.12,9900
student loan consolidate,49500,0.00,0,0,0.00,590
consolidate loans,74000,16.81,1,6.97,117.14,2400
secured loans,110000,7.49,1,60.13,450.34,40500
criminal lawyer new york,8100,0.00,0,0,0.00,73
affiliate per click,8100,0.00,0,0,0.00,720
chicago personal injury lawyer,9900,0.00,0,0,0.00,140
los angeles dui lawyer,8100,0.00,0,0,0.00,91
att prepaid,110000,0.00,0,0,0.00,720
angeles criminal defense lawyer los,6600,0.00,0,0,0.00,91
critical illness insurance life,4400,134.42,1,1.14,152.66,2900
irs lawyer tax,2900,0.00,0,0,0.00,91
laser hair removal new york,12100,0.00,0,0,0.00,260
comcast high speed,14800,0.00,0,0,0.00,170
personal yahoo,22200,0.00,0,0,0.00,1000
san diego dui attorney,5400,0.00,0,0,0.00,320
michigan personal injury,6600,0.00,0,0,0.00,210
automobile law lemon,5400,0.65,1,1.01,0.65,110
cheap insurance life term,8100,8.94,1,3.32,29.65,590
home loans refinancing,14800,0.00,0,0,0.00,590
consolidate college loans,880,0.00,0,0,0.00,16
cheap life insurance,33100,32.15,1,98.47,3,165.55,5400
vioxx law suit,210,0.00,0,0,0.00,16
student loan refinance,12100,0.00,0,0,0.00,140
car hire alicante spain,5400,12.91,1,4.87,62.91,3600
tax attorney,135000,0.00,0,0,0.00,2400
refinancing my home,1900,0.00,0,0,0.00,91
criminal dallas lawyer,6600,0.00,0,0,0.00,140
line of credit home equity,110000,0.00,0,0,0.00,1900
litigation vioxx,1600,0.00,0,0,0.00,91
at and t phones,823000,0.00,0,0,0.00,40500
criminal defense attorney los angeles,6600,0.00,0,0,0.00,91
commodity online trading,6600,1.62,1,2.83,4.59,320
home equity rates,40500,0.00,0,0,0.00,720
adsense,4090000,12.21,1,6.05,73.90,246000
law lemon mass,1600,0.00,0,0,0.00,46
equity home,368000,1.88,1,28.13,52.84,18100
arizona law lemon,1600,0.00,0,0,0.00,22
child molestation attorney,-,0.00,0,0,0.00,-
home line of credit,246000,0.00,0,0,0.00,8100
alicante car rental spain,5400,0.00,0,0,0.00,3600
attorney defense federal,3600,0.00,0,0,0.00,110
san diego criminal attorney,9900,0.00,0,0,0.00,480
injury lawyer new york,22200,0.00,0,0,0.00,480
attorney injury new personal york,18100,0.00,0,0,0.00,320
at and t mobile,16600000,0.00,0,0,0.00,2240000
pleural mesothelioma,8100,0.00,0,0,0.00,720
augmentation breast diego san,3600,0.00,0,0,0.00,28
home equity poor credit,2400,0.00,0,0,0.00,58
health insurance temporary,12100,0.00,0,0,0.00,720
compensation mesothelioma,2900,0.00,0,0,0.00,1600
21st century insurance,110000,0.00,0,0,0.00,390
cheap insurance medical,12100,0.00,0,0,0.00,2400
angeles criminal lawyer los,18100,0.00,0,0,0.00,260
low cost term life insurance,1600,0.00,0,0,0.00,110
home refinance loans,22200,0.00,0,0,0.00,880
eloan,27100,0.00,0,0,0.00,3600
life insurance quote,165000,10.69,1,86.31,922.18,22200
cheap life assurance,27100,30.92,1,5.3,163.89,5400
anti spam exchange,9900,0.00,0,0,0.00,880
credit equity home line,110000,0.00,0,0,0.00,1900
att go phone,246000,0.00,0,0,0.00,1300
dui florida lawyer,6600,0.00,0,0,0.00,91
hair removal new york,18100,0.00,0,0,0.00,390
merchant account international,2900,0.00,0,0,0.00,210
vioxx class action,1300,0.00,0,0,0.00,73
life insurance quote online,18100,3.74,1,1.75,6.55,2400
consolidation loan,450000,8.58,1,120.44,1,033.85,27100
equity line of credit,135000,0.53,1,3.14,1.66,2400
carolina law lemon north,2400,0.00,0,0,0.00,46
equity rates,60500,0.00,0,0,0.00,8100
direct home insurance line,27100,0.00,0,0,0.00,22200
angeles attorney los tax,1600,0.00,0,0,0.00,46
credit home line,246000,0.00,0,0,0.00,8100
term insurance,673000,5.78,1,41.78,241.67,165000
auto insurances,4400,0.00,0,0,0.00,320
debtfreedirect,3600,35.56,1,2.83,100.67,3600
refinance comparison,2900,0.00,0,0,0.00,73
acid reflux treatment,40500,0.77,1,13.49,10.38,3600
bad credit mortgage refinance,5400,0.00,0,0,0.00,210
college loan refinance,880,0.00,0,0,0.00,22
